NO;BUMN;Company;Status;Year;debt to equity t-1;equity minus t-1;solvability t-1 (total liabilities/total assets);kenaikan (penurunan) revenue (revenue t-1-revenue t-2/revenue t-2);net profit margin t-1 (laba bersih/penjualan);Jenis Perusahaan (apakah PT);ROA t-1 (net income/assets);Likuiditas t-1 (current assets/current liabilities);debt to equity t-2;solvability t-2 (total liabilities/total assets);net profit margin t-2 (laba bersih/penjualan);ROA t-2 (net income/assets);Likuiditas t-2 (current assets/current liabilities)2;asset turnover penjualan/total aset (t-1);asset turnover penjualan/total aset (t-2);PMN_Portion;PSO_Portion;SLA_Portion;Guarantee_Portion
77;Perum Perhutani;Perum Perhutani;Rugi;2020;0.445644517;0;0.308267013;-0.225295638;0.108556936;0;0.02731308;0.427051843;0.362006128;0.249444928;0.121966226;0.04074137;0.297821658;0.251601423;0.334038128;0;0;0;0
78;Perum Perikanan indonesia;Perum Perikanan indonesia;Rugi;2020;1.185451969;0;0.542428745;-0.5114593;0.020274506;0;0.010728624;0.536972194;1.191535323;0.54369889;0.02593557;0.028534735;0.447833721;0.529168175;1.100216239;0;0;0;0
79;Perum Bulog;Perum Bulog;Untung;2020;2.975307922;0;0.748447159;-0.063283387;-0.066448587;0;-0.049152221;0.897573365;3.020344601;0.751265103;-0.033822105;-0.022139082;0.899466615;0.739703033;0.65457435;0;0;0;0
80;Perum Jasa Tirta I;Perum Jasa Tirta I;Untung;2020;0.195211447;0;0.163327793;0.087165558;0.222914712;0;0.123809864;0.225425182;0.190016512;0.159675526;0.227175297;0.131289201;0.225606185;0.555413604;0.577920235;0;0;0;0
81;Perum Jasa Tirta II;Perum Jasa Tirta II;Untung;2020;0.197578021;0;0.164981336;-0.015340169;0.189214657;0;0.107418646;0.184711228;0.225541321;0.18403404;0.201801234;0.126516853;0.216878712;0.56770785;0.626937953;0;0;0;0
82;Perum Percetakan Negara Republik Indonesia;Perum Percetakan Negara Republik Indonesia;Rugi;2020;3.083359287;0;0.755103597;-0.282457084;0.009714736;0;0.002756531;0.604849406;2.411256942;0.706852923;0.030339637;0.014524919;0.509732667;0.283747437;0.478743982;0;0;0;0
83;Perum Percetakan Uang Republik Indonesia;Perum Percetakan Uang Republik Indonesia;Rugi;2020;0.977856899;0;0.494402249;0.215282759;0.186709714;0;0.119577727;0.567720044;1.010752804;0.502673825;0.089952595;0.056877885;0.505995465;0.640447273;0.632309551;0;0;0;0
84;Perum Produksi Film Negara;Perum Produksi Film Negara;Rugi;2020;1.006594373;0;0.501643175;-0.35300693;0.139046303;0;0.048978797;1.374393883;1.02122824;0.505251322;0.237737536;0.127204;1.616076104;0.352248107;0.535060647;0;0;0;0
85;Perum Lembaga Kantor Berita Nasional Antara;Perum Lembaga Kantor Berita Nasional Antara;Untung;2020;3.340634819;0;0.769618952;0.100274794;0.034641154;0;0.053223385;0.383412314;3.086958168;0.755319248;0.035302053;0.055537022;0.402941157;1.536420654;1.573195255;0;0;0;0
86;Perum Perumnas;Perum Perumnas;Untung;2020;2.560308833;0;0.71912549;-0.679430141;-0.477545535;0;-0.039329789;0.429532715;1.964452431;0.662669574;0.114645182;0.030460797;0.596263188;0.082358196;0.265696268;0;0;0;0
87;Perum Damri;Perum Damri;Rugi;2020;0.610401207;0;0.37903673;0.003452433;0.034833902;0;0.033880492;0.499483919;0.571346834;0.363603262;0.017421333;0.018516976;0.660054829;0.972629807;1.062890905;0;0;0;0
88;Perum Pengangkutan Penumpang Djakarta;Perum Pengangkutan Penumpang Djakarta;Rugi;2020;3.41245956;0;0.773369028;0.27379061;0.056725184;0;0.07313459;1.629321509;5.624970325;0.849055928;0.040547368;0.04339866;1.481284667;1.289279036;1.070320033;0;0;0;0
89;Perum Lembaga Penyelenggara Pelayanan Navigasi Penerbangan Indonesia;Perum Lembaga Penyelenggara Pelayanan Navigasi Penerbangan Indonesia;Untung;2020;0.187456942;0;0.157864201;0.054067181;0.144857798;0;0.08178931;0.241175899;0.209749864;0.173382837;0.11644511;0.067811055;0.263293955;0.564617929;0.582343519;0;0;0;0
90;PT Rajawali Nusantara Indonesia (Persero);PT Rajawali Nusantara Indonesia (Persero);Untung;2020;1.114386008;0;0.527049462;0.257640407;-0.009945529;1;-0.004720197;0.886448168;1.201251243;0.54571292;0.03630256;0.014025864;0.891558896;0.474604913;0.386360186;0;0;0;0
91;PT Perikanan Nusantara (Persero);PT Perikanan Nusantara (Persero);Untung;2020;1.124334879;0;0.529264425;-0.363288327;-0.183155558;1;-0.085888356;0.388057487;0.777522529;0.437419226;0.024278748;0.016917456;0.199537648;0.46893666;0.696800997;0;0;0;0
92;PT Perkebunan Nusantara III (Persero);PT Perkebunan Nusantara III (Persero);Rugi;2020;1.648367869;0;0.622408952;0.115287549;0.001384308;1;0.00038786;1.054422495;1.211238994;0.547764849;0.027452985;0.007357915;1.577825018;0.280183108;0.268018765;0;0;0;0
93;PT Pupuk Indonesia (Persero);PT Pupuk Indonesia (Persero);Rugi;2020;0.889203537;0;0.470676409;0.026769763;0.052056985;1;0.027384299;0.517738603;1.103741179;0.524656355;0.060669407;0.030333128;0.425421646;0.526044659;0.499974029;0;0;0;0
94;PT BioFarma (Persero);PT BioFarma (Persero);Rugi;2020;0.291490756;0;0.225701001;-0.214091137;0.139991001;1;0.044826463;0.383173945;0.241213959;0.19433713;0.167909805;0.073397423;0.311591476;0.320209602;0.437124104;0;0;0;0
95;PT Berdikari (Persero);PT Berdikari (Persero);Untung;2020;3.650876517;0;0.784986766;-0.563639323;0.074073153;1;0.062770788;1.003081391;5.310641502;0.841537505;0.021083738;0.043473332;0.984929264;0.847416172;2.061936633;0;0;0;0
96;PT Sang Hyang Seri (Persero);PT Sang Hyang Seri (Persero);Rugi;2020;0.666053238;0;0.399779084;-0.164258414;-1.178740686;1;-0.032207999;4.448785689;-1.400741258;3.495375708;-1.055479424;-0.325792162;3.075736361;0.027324075;0.308667469;0;0;0;0
97;PT Pertani (Persero);PT Pertani (Persero);Untung;2020;0.909526713;0;0.476310023;-0.31721019;-0.071491825;1;-0.047242392;0.549534476;2.775984291;0.73516839;-0.046855558;-0.06739646;0.366510476;0.660808313;1.438387716;0;0;0;0
98;PT Garam (Persero);PT Garam (Persero);Untung;2020;0.240789327;0;0.19406141;-0.377150714;0.08011223;1;0.017330036;0.12622153;0.208353381;0.172427523;0.355036429;0.127039856;0.185674088;0.216321973;0.357822032;0;0;0;0
99;PT Pertamina (Persero);PT Pertamina (Persero);Untung;2020;1.148863654;0;0.534637761;-0.033221147;0.047969469;1;0.039718109;0.528649594;1.24044609;0.553660316;0.017146526;0.014913752;0.603470626;0.827987264;0.869782677;0;0;0.019076603;0
100;PT TWC BP dan RB (Persero);PT TWC BP dan RB (Persero);Untung;2020;0.166494668;0;0.142730933;0.071251601;0.348978371;1;0.195591048;0.324587928;0.175386489;0.149216016;0.300809217;0.19692265;0.278422562;0.560467535;0.654643006;0;0;0;0
101;PT Energy Management Indonesia (Persero);PT Energy Management Indonesia (Persero);Untung;2020;1.778030303;0;0.640032724;0.788398921;0.032330221;1;0.013558767;0.870438864;1.477579602;0.596380274;0.351474556;0.09576558;0.868810189;0.419383692;0.27246803;0;0;0;0
102;PT Hotel Indonesia Natour (Persero);PT Hotel Indonesia Natour (Persero);Untung;2020;0.14360776;0;0.125574314;0.04504208;0.054930669;1;0.004116878;1.16229376;0.147768356;0.128744058;0.024960253;0.001791792;1.121313297;0.074946797;0.071785795;0;0;0;0
103;PT Pengembangan Pariwisata Indonesia (Persero);PT Pengembangan Pariwisata Indonesia (Persero);Rugi;2020;0.324159875;0;0.244804182;0.081644906;0.169284607;1;0.026018681;0.976491005;0.233189707;0.189094756;0.252025423;0.039548469;0.537110871;0.153697857;0.156922539;0;0;0;0
104;PT Sarinah (Persero);PT Sarinah (Persero);Untung;2020;0.594243611;0;0.372743291;-0.374504022;-0.010177182;1;-0.014082991;0.471952065;0.527944087;0.345525789;0.025351273;0.056967352;0.412277977;1.383781021;2.247119935;0;0;0;0
105;PT Perusahaan Perdagangan Indonesia (Persero);PT Perusahaan Perdagangan Indonesia (Persero);Untung;2020;0.547119011;0;0.353637426;0.368481931;-0.046273568;1;-0.029968812;0.522424809;0.535876332;0.348905912;0.073815597;0.033463807;0.330095307;0.647644296;0.453343306;0;0;0;0
106;PT Bhanda Ghara Reksa (Persero);PT Bhanda Ghara Reksa (Persero);Untung;2020;0.622598709;0;0.383705071;-0.271367974;0.075851495;1;0.069315639;0.631900275;0.803934243;0.445656069;0.050480656;0.064479209;0.690701109;0.913833532;1.277305283;0;0;0;0
107;PT Pos Indonesia (Persero);PT Pos Indonesia (Persero);Untung;2020;1.323648109;0;0.569642238;0.022707483;0.023112948;1;0.013070071;0.930527307;1.194787354;0.544374995;0.024402091;0.01443323;0.978621069;0.565486972;0.591475139;0;0;0;0
108;PT Perusahaan Listrik Negara (Persero);PT Perusahaan Listrik Negara (Persero);Untung;2020;0.705496469;0;0.413660469;0.094216544;0.012019075;1;0.002726801;1.052399117;0.624915556;0.409749227;0.000652658;0.000155533;1.749698884;0.226872807;0.238306787;0.006993907;0.270125603;0.052921381;0.281673333
109;PT Kawasan Berikat Nusantara (Persero);PT Kawasan Berikat Nusantara (Persero);Untung;2020;0.551681263;0;0.355537586;0.135029183;0.125574798;1;0.042474875;0.987721926;0.436514306;0.30387049;0.230541908;0.069163754;0.839915092;0.338243625;0.300005125;0;0;0;0
110;PT Kawasan Industri Wijayakusuma (Persero);PT Kawasan Industri Wijayakusuma (Persero);Untung;2020;0.345906435;0;0.257006301;-0.053937212;0.299984708;1;0.092453515;0.433611442;0.295798053;0.228274809;0.460313003;0.16959994;0.363151694;0.308194094;0.368444817;0;0;0;0
111;PT Kawasan Industri Medan (Persero);PT Kawasan Industri Medan (Persero);Untung;2020;0.281828897;0;0.219864677;0.378415641;0.21736943;1;0.115985526;0.43598427;0.177669217;0.150865128;0.264343616;0.126524284;0.160290755;0.53358711;0.478635672;0;0;0;0
112;PT Kawasan Industri Makassar (Persero);PT Kawasan Industri Makassar (Persero);Untung;2020;0.478207046;0;0.323505827;-0.145171334;0.428070333;1;0.123511;0.238485912;0.873536825;0.46625015;0.46029678;0.14759013;0.581907961;0.288529689;0.320641239;0;0;0;0
113;PT Semen Indonesia (Persero) Tbk;PT Semen Indonesia (Persero) Tbk;Rugi;2020;1.35475174;0;0.575326782;0.315452261;0.058740258;1;0.029712068;0.734773792;0.562665795;0.360067902;0.10055206;0.060319623;0.512431185;0.505821208;0.59988451;0;0;0;0
114;PT Semen Baturaja (Persero) Tbk;PT Semen Baturaja (Persero) Tbk;Untung;2020;0.599885478;0;0.374955262;0.001858395;0.015040632;1;0.005398051;0.437064767;0.594301533;0.37276608;0.038117394;0.013736713;0.468522722;0.358897881;0.360379113;0;0;0;0
115;PT Semen Kupang (Persero);PT Semen Kupang (Persero);Rugi;2020;25.16733871;0;0.961785998;0.332844814;0.604520464;1;0.016222632;1.686760655;44.49165176;0.978017945;0.447239863;0.009000256;2.072156738;0.026835538;0.020124001;0;0;0;0
116;PT Balai Pustaka (Persero);PT Balai Pustaka (Persero);Rugi;2020;1.314277688;0;0.567899736;0.437637104;0.053598333;1;0.028188295;1.089380413;1.608478907;0.616634815;0.049661732;0.017306117;1.149093929;0.525917384;0.348479933;0;0;0;0
117;PT Telekomunikasi Indonesia (Persero) Tbk;PT Telekomunikasi Indonesia (Persero) Tbk;Untung;2020;0.886635394;0;0.469955879;0.022344726;0.203530358;1;0.124733283;1.39899813;0.757806706;0.356335984;0.203455401;0.108147869;1.069173523;0.612848541;0.531555655;0;0;0;0
118;PT PAL Indonesia (Persero);PT PAL Indonesia (Persero);Rugi;2020;19.03217387;0;0.950080305;0.031141818;0.058413122;1;0.014656194;0.823583964;22.44071517;0.957339186;-0.192280703;-0.049709227;0.650514558;0.25090585;0.258524261;0;0;0;0
119;PT Industri Kapal Indonesia (Persero);PT Industri Kapal Indonesia (Persero);Rugi;2020;0.786270849;0;0.440174484;-0.082538981;0.073933381;1;0.013495071;0.585525645;0.751480162;0.429054338;0.100094932;0.020232262;0.520962362;0.182530145;0.202130736;0;0;0;0
120;PT Dok dan Perkapalan Kodja Bahari (Persero);PT Dok dan Perkapalan Kodja Bahari (Persero);Rugi;2020;-2.996980669;1;1.500755974;-0.321897182;-0.401244699;1;-0.04748986;3.312822873;-3.279157057;1.438758705;-0.63800303;-0.107691178;2.888693665;0.118356355;0.168794149;0;0;0;0
121;PT Dok dan Perkapalan Surabaya (Persero);PT Dok dan Perkapalan Surabaya (Persero);Rugi;2020;-3.335703349;1;1.428136561;0.493764159;0.014063657;1;0.004230558;2.170363291;-3.341788518;1.427024043;0.019933041;0.003964806;1.591897908;0.30081497;0.198906218;0;0;0;0
122;PT Indonesia Asahan Aluminium (Persero);PT Indonesia Asahan Aluminium (Persero);Rugi;2020;1.296158874;0;0.564490066;0.235169081;0.000304358;1;0.000148869;0.552937369;1.180193885;0.541325197;0.164179291;0.064686666;0.442523641;0.489123871;0.394000154;0;0;0;0
123;PT Krakatau Steel (Persero) Tbk;PT Krakatau Steel (Persero) Tbk;Untung;2020;2.233597196;0;0.690746899;-0.198590387;-0.361921323;1;-0.125673184;0.795337942;1.387671946;0.581181995;-0.044358401;-0.017660578;1.615280138;0.347238961;0.398133775;0;0;0;0
124;PT Boma Bisma Indra (Persero);PT Boma Bisma Indra (Persero);Untung;2020;2.772759026;0;0.73494199;0.008812859;0.028917043;1;0.011230564;0.964452726;2.649264465;0.725972176;0.030693972;0.012537871;0.949299034;0.388371788;0.408479894;0;0;0;0
125;PT Industri Nuklir Indonesia (Persero);PT Industri Nuklir Indonesia (Persero);Untung;2020;9.727599324;0;0.906782499;0.534168854;0.070596677;1;0.050391033;0.655834564;15.0964404;0.937874463;0.027182657;0.016508524;0.545795714;0.713787601;0.607318265;0;0;0;0
126;PT Industri Telekomunikasi Indonesia (Persero);PT Industri Telekomunikasi Indonesia (Persero);Untung;2020;-6.186712925;1;1.192800337;-0.533619343;-1.099621374;1;-0.312030132;1.697968511;7.257881363;0.878903564;0.000546148;0.000253051;1.520876758;0.283761428;0.463337185;0;0;0;0
127;PT Barata Indonesia (Persero);PT Barata Indonesia (Persero);Rugi;2020;2.909057882;0;0.744183885;0.023279936;0.031944618;1;0.014408345;0.853339917;2.805244242;0.737204779;0.031148479;0.014911283;0.794942665;0.45104141;0.478716232;0;0;0;0
128;PT Dahana (Persero);PT Dahana (Persero);Rugi;2020;0.854318392;0;0.460718286;0.003398461;0.037246406;1;0.03988758;0.617093877;0.90675958;0.475550032;0.067568249;0.074621586;0.680162161;1.070910834;1.104388339;0;0;0;0
129;PT LEN Industri (Persero);PT LEN Industri (Persero);Rugi;2020;6.135652121;0;0.859858639;-0.206012321;0.016810341;1;0.010536857;0.96839238;5.721084733;0.851214493;0.032123623;0.0279419;0.910236817;0.626808016;0.869824067;0;0;0;0
130;PT Pindad (Persero);PT Pindad (Persero);Rugi;2020;3.709049167;0;0.787642905;0.061822046;0.029740057;1;0.014670982;0.824973097;3.700748313;0.787267913;0.031421817;0.015585548;0.617187184;0.493307126;0.496010405;0;0;0;0
131;PT Dirgantara Indonesia (Persero);PT Dirgantara Indonesia (Persero);Rugi;2020;2.617929053;0;0.723598781;0.137659393;0.040852664;1;0.011503699;0.78171386;2.770173645;0.734760227;-0.169398498;-0.042277965;0.791336452;0.281589939;0.249576974;0;0;0;0
132;PT Adhi Karya (Persero) Tbk;PT Adhi Karya (Persero) Tbk;Untung;2020;4.343026306;0;0.812840173;-0.022205552;0.043444871;1;0.018212593;0.807951567;3.791935019;0.791316035;0.041201433;0.02141629;0.745758713;0.419211579;0.519794785;0;0;0;0
133;PT Amarta Karya (Persero);PT Amarta Karya (Persero);Untung;2020;4.339350839;0;0.812711315;-0.190600355;0.014294107;1;0.007523558;0.751828796;4.555804534;0.820008067;0.012920927;0.008618519;0.756624613;0.526339837;0.66702013;0;0;0;0
134;PT Brantas Abipraya (Persero);PT Brantas Abipraya (Persero);Untung;2020;2.460808897;0;0.711050211;-0.170824595;0.072072456;1;0.044838073;0.794306219;2.366906758;0.702991478;0.07556312;0.06737962;0.772767689;0.622124949;0.891699817;0;0;0;0
135;PT Jasa Marga (Persero) Tbk;PT Jasa Marga (Persero) Tbk;Untung;2020;3.299176257;0;0.767397301;-0.287466691;0.078719588;1;0.020805547;3.575989751;3.080333538;0.754921996;0.05507889;0.024709119;2.630933964;0.264299495;0.448613238;0;0;0;0
136;PT Waskita Karya (Persero) Tbk;PT Waskita Karya (Persero) Tbk;Rugi;2020;3.210017326;0;0.762471286;-0.35667012;0.032780617;1;0.008393052;0.918137753;3.306126419;0.767772726;0.094684717;0.037137304;0.847894653;0.256037032;0.392220681;0;0;0;0
137;PT Wijaya Karya (Persero) Tbk;PT Wijaya Karya (Persero) Tbk;Rugi;2020;2.232291321;0;0.690621946;-0.126620918;0.096315117;1;0.04219899;0.716880091;2.440541227;0.709348055;0.066541086;0.03500422;0.648642642;0.438134647;0.526054237;0;0;0;0
138;PT Hutama Karya (Persero);PT Hutama Karya (Persero);Untung;2020;2.991866101;0;0.749490595;-0.013313798;0.076637936;1;0.02206923;0.989947775;5.078930839;0.835497388;0.085107395;0.035275125;1.143381891;0.287967434;0.414477791;0.457344781;0;0;0.924530454
139;PT Pembangunan Perumahan (Persero) Tbk;PT Pembangunan Perumahan (Persero) Tbk;Untung;2020;2.414815528;0;0.707158413;-0.018294946;0.048997204;1;0.020421868;0.731118397;2.22078945;0.689517115;0.077986756;0.037279251;0.706627157;0.416796596;0.478020282;0;0;0;0
140;PT Industri Kereta Api (Persero);PT Industri Kereta Api (Persero);Untung;2020;3.424133133;0;0.773967019;0.04467382;0.032389569;1;0.014737492;0.919029985;2.984610823;0.749034462;0.027474524;0.014283324;0.812698889;0.45500736;0.519875207;0;0;0;0
141;PT PDI Pulau Batam (Persero);PT PDI Pulau Batam (Persero);Rugi;2020;0.767297474;0;0.434164302;-0.007964335;-0.047417998;1;-0.031280001;0.204603713;0.718488286;0.418093211;0.05576621;0.036139128;0.23729464;0.659665151;0.648047048;0;0;0;0
142;PT Pelabuhan Indonesia I (Persero);PT Pelabuhan Indonesia I (Persero);Rugi;2020;1.534713519;0;0.605478097;-0.017131021;0.111024624;1;0.020562807;0.745175186;1.163853134;0.537861427;0.290625152;0.064537514;1.020888694;0.185209428;0.222064449;0;0;0;0
143;PT Pelabuhan Indonesia II (Persero);PT Pelabuhan Indonesia II (Persero);Untung;2020;1.871013694;0;0.651690968;-0.088113953;0.224723185;1;0.048112627;0.254191601;2.129575874;0.680467884;0.198939137;0.047259849;0.223919474;0.214097301;0.237559334;0;0;0;0
144;PT Pelabuhan Indonesia III (Persero);PT Pelabuhan Indonesia III (Persero);Untung;2020;1.784130863;0;0.640821481;-0.01221011;0.19996059;1;0.06922288;0.60381998;1.945899661;0.660545125;0.128530678;0.045414538;0.553053605;0.346182612;0.353336175;0;0;0;0
145;PT Pelabuhan Indonesia IV (Persero);PT Pelabuhan Indonesia IV (Persero);Rugi;2020;0.700041717;0;0.41177914;0.107535879;0.119864824;1;0.041708032;0.990096847;0.733986999;0.423294407;0.098675993;0.031446806;0.473388946;0.347958895;0.318687502;0;0;0;0
146;PT Indah Karya (Persero);PT Indah Karya (Persero);Untung;2020;3.621578128;0;0.783623695;-0.072424495;0.055837899;1;0.012734081;0.363079271;2.037633475;0.670796359;0.116257548;0.044828586;0.602818734;0.228054451;0.385597205;0;0;0;0
147;PT Bina Karya (Persero);PT Bina Karya (Persero);Untung;2020;1.030135726;0;0.507422096;-0.240550319;0.077198216;1;0.050339943;0.714082698;2.055918166;0.672766106;0.128011965;0.081512605;0.781501412;0.652086874;0.636757703;0;0;0;0
148;PT Angkasa Pura I (Persero);PT Angkasa Pura I (Persero);Untung;2020;1.677421206;0;0.626506282;0.02789738;0.165801994;1;0.033941203;0.754629206;1.099949742;0.523798127;0.235406351;0.063460512;1.488579752;0.204709255;0.26957859;0;0;0;0
149;PT Angkasa Pura II (Persero);PT Angkasa Pura II (Persero);Untung;2020;0.80003984;0;0.44445674;0.16837814;0.090872856;1;0.022893207;0.895316708;0.631064068;0.386903299;0.201494805;0.049623873;0.87091037;0.251925688;0.246278674;0;0;0;0
150;PT Virama Karya (Persero);PT Virama Karya (Persero);Untung;2020;1.302709424;0;0.565728967;-0.033959317;0.055540005;1;0.054001916;0.611799366;1.207032497;0.546902911;0.083124396;0.097497666;0.687100917;0.972306654;1.172912776;0;0;0;0
151;PT Yodya Karya (Persero);PT Yodya Karya (Persero);Untung;2020;1.062615345;0;0.515178629;-0.531018914;0.026103307;1;0.013639574;0.624261844;1.233601526;0.552292569;0.234568352;0.245836085;0.661885426;0.52252285;1.048036034;0;0;0;0
152;PT Indra Karya (Persero);PT Indra Karya (Persero);Untung;2020;1.946962027;0;0.660667497;0.152775772;0.054905829;1;0.043549168;0.938362768;1.486317521;0.597798756;0.060262056;0.055235123;0.812916162;0.793161112;0.916582117;0;0;0;0
153;PT Bank Negara Indonesia (Persero) Tbk;PT Bank Negara Indonesia (Persero) Tbk;Untung;2020;5.76462801;0;0.852172211;0.092745103;0.197806083;1;0.018340217;2.879646464;6.32576111;0.863495412;0.21034218;0.018664711;2.420940536;0.092718165;0.08873499;0;0;0;0
154;PT Bank Mandiri (Persero) Tbk;PT Bank Mandiri (Persero) Tbk;Rugi;2020;5.306356976;0;0.841429846;0.086145386;0.218903999;1;0.021585944;1.895957692;5.500054668;0.84615514;0.21600665;0.021502925;1.842133482;0.098609182;0.099547516;0;0;0;0
155;PT Bank Rakyat Indonesia (Persero) Tbk;PT Bank Rakyat Indonesia (Persero) Tbk;Rugi;2020;5.785752548;0;0.85263241;0.102708125;0.224220555;1;0.024290531;0.777622562;5.999843347;0.85713966;0.2329141;0.024996938;0.784302039;0.108333205;0.107322562;0;0;0;0
156;PT Bank Tabungan Negara (Persero) Tbk;PT Bank Tabungan Negara (Persero) Tbk;Untung;2020;12.07997472;0;0.923547253;0.116612485;0.007519406;1;0.000671195;0.771755023;11.85362565;0.922200939;0.112662334;0.009163157;3.08522106;0.089261688;0.081332925;0;0;0;0
157;PT ASABRI (Persero);PT ASABRI (Persero);Rugi;2020;-6.053994977;1;1.197863275;-4.525330873;0.669629423;1;-0.201276547;0.077522684;29.20572424;0.966893692;0.041988855;0.002287096;0.114852991;-0.300579008;0.054469121;0;0;0;0
159;PT Reasuransi Indonesia Utama (Persero);PT Reasuransi Indonesia Utama (Persero);Untung;2020;2.032195661;0;0.670205979;0.066951667;0.04622155;1;0.022469746;0.678563956;1.992065517;0.66578272;0.045625075;0.023400036;0.672271878;0.486131391;0.512876658;0;0;0;0
160;PT Taspen (Persero);PT Taspen (Persero);Untung;2020;22.06025571;0;0.956635346;0.155201065;0.021737352;1;0.001500117;0.146668272;22.85775567;0.958084909;0.017267044;0.001171159;0.027401988;0.069011017;0.06782626;0;0;0;0
161;PT Garuda Indonesia (Persero) Tbk;PT Garuda Indonesia (Persero) Tbk;Untung;2020;5.183087611;0;0.838268505;0.040252098;0.00141231;1;0.001449282;2.873144893;3.803027335;0.791797979;0.001147523;0.001129293;1.806309719;1.026177941;0.984113308;0;0;0;0
162;PT Pelayaran Nasional Indonesia (Persero);PT Pelayaran Nasional Indonesia (Persero);Untung;2020;0.166508419;0;0.142740864;0.231487382;0.049594218;1;0.038959639;0.232948609;0.113487205;0.101920529;0.044450269;0.031115367;0.154102777;0.785568178;0.700004023;0;0.537098557;0;0
163;PT Kereta Api Indonesia (Persero);PT Kereta Api Indonesia (Persero);Untung;2020;1.267312911;0;0.558949276;-0.022792536;0.07523497;1;0.04398225;1.176070821;1.130909388;0.530716789;0.057161339;0.039378205;0.810170105;0.584598491;0.688895785;0;8.15815E-05;0;0.93303593
164;PT Bahana Pembinaan Usaha Indonesia (Persero);PT Bahana Pembinaan Usaha Indonesia (Persero);Untung;2020;2.214812482;0;0.688939866;-0.087081454;0.182937171;1;0.029477798;0.568598272;2.38464335;0.704547896;0.161070003;0.029076081;0.274877033;0.161136187;0.180518287;0;0;0;0
165;PT Biro Klasifikasi Indonesia (Persero);PT Biro Klasifikasi Indonesia (Persero);Untung;2020;0.338928043;0;0.253133874;0.141714006;0.121244244;1;0.116230086;0.198740909;0.346831618;0.257516689;0.091617233;0.088397107;0.228870451;0.958644153;0.964852395;0;0;0;0
167;PT Kliring Berjangka Indonesia (Persero);PT Kliring Berjangka Indonesia (Persero);Untung;2020;5.088559261;0;0.835757532;0.58856013;0.447598642;1;0.022617218;0.837631884;4.914606926;0.830927057;0.388800226;0.014653233;0.833226479;0.050530131;0.037688335;0;0;0;0
168;PT Permodalan Nasional Madani (Persero);PT Permodalan Nasional Madani (Persero);Rugi;2020;8.050119864;0;0.889504226;0.583108091;0.189614452;1;0.037699075;0.395918674;8.63707878;0.896234116;0.020824093;0.00371525;0.341081794;0.198819627;0.17841113;0;0;0;0
169;PT PANN (Persero);PT PANN (Persero);Rugi;2020;-1.265018687;1;4.77331882;-0.95947147;0.164304993;1;0.001674019;0.080308394;-1.249543594;5.007315844;0.010688192;0.002643806;0.690456136;0.010188485;0.247357604;0;0;0;0
170;PT Pegadaian (Persero);PT Pegadaian (Persero);Untung;2020;1.832753636;0;0.646986597;0.543347869;0.175660617;1;0.047579291;0.606987269;1.624274445;0.618942294;0.242094308;0.052574702;0.552626368;0.27085918;0.217166206;0;0;0;0
171;PT Sucofindo (Persero);PT Sucofindo (Persero);Untung;2020;0.322362738;0;0.24377791;0.016927992;0.121515647;1;0.093619524;0.278839253;0.39732589;0.284347333;0.105043206;0.084102265;0.339682288;0.770431841;0.800644503;0;0;0;0
172;PT Surveyor Indonesia (Persero);PT Surveyor Indonesia (Persero);Untung;2020;0.353647649;0;0.26125532;0.165265765;0.098259278;1;0.093155944;0.357635985;0.377367148;0.273977166;0.095932751;0.086280425;0.374713508;0.948062571;0.89938445;0;0;0;0
173;PT ASDP Indonesia Ferry (Persero);PT ASDP Indonesia Ferry (Persero);Untung;2020;0.173579918;0;0.147906347;0.116174583;0.101785072;1;0.041856357;0.477770101;0.175952085;0.149625216;0.091298576;0.034930405;0.457849674;0.411222942;0.382595289;0;0;0;0
174;PT Djakarta Lloyd (Persero);PT Djakarta Lloyd (Persero);Rugi;2020;1.187952381;0;0.542951662;0.114127319;0.103352125;1;0.056725416;0.560620081;0.997796148;0.499448429;0.109142505;0.065028077;0.428293585;0.548855827;0.59580891;0;0;0;0
175;PT Perusahaan Pengelola Aset (Persero);PT Perusahaan Pengelola Aset (Persero);Untung;2020;1.657935844;0;0.623768195;-0.022647124;0.049040274;1;0.022689018;0.818981085;1.231927979;0.551956869;0.062837037;0.036510704;0.747274281;0.462660918;0.581037968;0;0;0;0
176;PT Iglas (Persero);PT Iglas (Persero);Untung;2020;-1.141339784;1;8.075148753;-0.931884058;-1184.12766;1;-0.352285099;76.05747332;-1.133765254;8.475842554;-122.6347826;-0.595616184;63.84655355;0.000297506;0.004856829;0;0;0;0
177;PT Industri Sandang Nusantara (Persero);PT Industri Sandang Nusantara (Persero);Untung;2020;2.233214144;0;0.690710248;-0.391014996;-0.073805676;1;-0.024268862;1.607422685;1.725211317;0.633055979;0.002109705;0.001096209;1.664348754;0.32882108;0.519603128;0;0;0;0
178;PT Primissima (Persero);PT Primissima (Persero);Rugi;2020;2.61802906;0;0.723606421;-0.127191236;-0.073860928;1;-0.059256467;2.240569669;3.525050763;0.779008004;0.006199956;0.005442099;1.579703879;0.802270815;0.877764096;0;0;0;0
179;PT Survai Udara Penas (Persero);PT Survai Udara Penas (Persero);Untung;2020;-2.027718241;1;1.973029338;-0.736752932;-0.452648702;1;-0.050177975;1.470753935;-2.201821921;1.832070029;0.040253212;0.01528693;1.308955889;0.110854123;0.379769211;0;0;0;0
180;PT Varuna Tirta Prakasya (Persero);PT Varuna Tirta Prakasya (Persero);Untung;2020;0.449530379;0;0.310121392;-0.123713867;-0.0187422;1;-0.00782045;0.948002018;-69.60731949;1.014575704;-0.041803634;-0.095888239;0.872399393;0.417264249;2.293777573;0;0;0;0
181;PT Kertas Kraft Aceh (Persero);PT Kertas Kraft Aceh (Persero);Rugi;2020;-1.751712147;1;2.33029645;-0.85576305;-2.851298727;1;-0.088084097;32.13879794;-1.886669669;2.12781573;-0.434963375;-0.085539209;15.04170405;0.030892623;0.196658418;0;0;0;0
184;Perum Perhutani;Perum Perhutani;Untung;2019;0.362006128;0;0.249444928;0.481588487;0.121966226;0;0.04074137;0.297821658;1.625560794;0.619128987;0.112181123;0.099573004;0.367172729;0.334038128;0.887609263;0;0;0;0
185;Perum Perikanan indonesia;Perum Perikanan indonesia;Untung;2019;1.191535323;0;0.54369889;0.662178163;0.02593557;0;0.028534735;0.447833721;1.012129614;0.503014123;0.013075808;0.009841144;0.29978776;1.100216239;0.752622225;0;0;0;0
186;PT Rajawali Nusantara Indonesia (Persero);PT Rajawali Nusantara Indonesia (Persero);Rugi;2019;1.201251243;0;0.54571292;0.005776227;0.03630256;1;0.014025864;0.891558896;1.04747858;0.511594445;0.068513118;0.029425008;0.939345134;0.386360186;0.429479922;0;0;0;0
187;PT Perikanan Nusantara (Persero);PT Perikanan Nusantara (Persero);Rugi;2019;0.777522529;0;0.437419226;0.53670534;0.024278748;1;0.016917456;0.199537648;0.834424501;0.454869906;0.038305255;0.017278502;0.542679677;0.696800997;0.451073917;0;0;0;0
188;PT Perkebunan Nusantara III (Persero);PT Perkebunan Nusantara III (Persero);Untung;2019;1.211238994;0;0.547764849;-0.055707863;0.027452985;1;0.007357915;1.577825018;1.172338894;0.539666669;0.035117357;0.010839715;1.481371907;0.268018765;0.308671155;0;0;0;0
189;Perum Bulog;Perum Bulog;Rugi;2019;3.020344601;0;0.751265103;-0.135130524;-0.033822105;0;-0.022139082;0.899466615;1.521809054;0.603459271;0.02527338;0.028305978;0.703885891;0.65457435;1.119991791;0;0;0;0
190;Perum Jasa Tirta  I;Perum Jasa Tirta I;Untung;2019;0.190016512;0;0.159675526;-0.051927902;0.227175297;0;0.131289201;0.225606185;0.219623678;0.180074954;0.233357679;0.162291691;0.245665487;0.577920235;0.695463254;0;0;0;0
191;Perum Jasa Tirta  II;Perum Jasa Tirta II;Untung;2019;0.225541321;0;0.18403404;-0.003807168;0.201801234;0;0.126516853;0.216878712;0.330937591;0.248649969;0.210633522;0.153944524;0.212672776;0.626937953;0.730864311;0;0;0;0
192;PT Pupuk Indonesia (Persero);PT Pupuk Indonesia (Persero);Untung;2019;1.103741179;0;0.524656355;0.178231625;0.060669407;1;0.030333128;0.425421646;1.052402577;0.512766155;0.052176045;0.023935273;0.760760926;0.499974029;0.458740661;0;0;0;0
193;PT BioFarma (Persero);PT BioFarma (Persero);Untung;2019;0.241213959;0;0.19433713;0.074264894;0.167909805;1;0.073397423;0.311591476;0.141504288;0.123962993;0.174445829;0.081457501;0.295076542;0.437124104;0.466950122;0;0;0;0
194;PT Kimia Farma (Persero) Tbk;PT Kimia Farma (Persero) Tbk;Untung;2019;1.818573681;0;0.645210623;0.216506005;0.053902308;1;0.042471022;0.702909258;1.369717876;0.578008838;0.054134498;0.054412712;0.647036801;0.787925852;1.00513931;0;0;0;0
195;PT Berdikari (Persero);PT Berdikari (Persero);Untung;2019;5.310641502;0;0.841537505;11.14511637;0.021083738;1;0.043473332;0.984929264;7.776198632;0.88605545;1.681529446;0.285133263;1.04367027;2.061936633;0.169567808;0;0;0;0
196;PT Sang Hyang Seri (Persero);PT Sang Hyang Seri (Persero);Rugi;2019;-1.400741258;1;3.495375708;-0.661185197;-1.055479424;1;-0.325792162;3.075736361;-1.589838631;2.695378953;0.029436944;0.020997265;1.715838105;0.308667469;0.713296358;0;0;0;0
197;PT Pertani (Persero);PT Pertani (Persero);Rugi;2019;2.775984291;0;0.73516839;0.017753619;-0.046855558;1;-0.06739646;0.366510476;2.52127717;0.716012131;0.014649735;0.017771526;0.330098082;1.438387716;1.213095358;0;0;0;0
198;PT Garam (Persero);PT Garam (Persero);Untung;2019;0.208353381;0;0.172427523;-0.151556184;0.355036429;1;0.127039856;0.185674088;0.263137007;0.208320242;0.397824352;0.168106629;0.490801018;0.357822032;0.422564955;0;0;0;0
199;PT Indofarma (Persero) Tbk;PT Indofarma (Persero) Tbk;Rugi;2019;1.9041754;0;0.65566818;-0.023500644;-0.020550164;1;-0.022696294;0.953595015;1.906242283;0.655913065;-0.028372781;-0.030254106;0.959512644;1.104433737;1.066307378;0;0;0;0
200;PT Pertamina (Persero);PT Pertamina (Persero);Untung;2019;1.24044609;0;0.553660316;0.389100669;0.017146526;1;0.014913752;0.603470626;1.149450561;0.534764829;0.05941944;0.04923928;0.544750082;0.869782677;0.828672904;0;0;0.018708179;0
201;PT TWC BP dan RB (Persero);PT TWC BP dan RB (Persero);Untung;2019;0.175386489;0;0.149216016;0.147412426;0.300809217;1;0.19692265;0.278422562;0.244375298;0.196383919;0.289544584;0.199349567;0.324412942;0.654643006;0.688493511;0;0;0;0
202;PT Energy Management Indonesia (Persero);PT Energy Management Indonesia (Persero);Untung;2019;1.477579602;0;0.596380274;-0.252347499;0.351474556;1;0.09576558;0.868810189;1.846802879;0.648719327;0.071885651;0.030030074;0.277875394;0.27246803;0.417747817;0;0;0;0
203;PT Hotel Indonesia Natour (Persero);PT Hotel Indonesia Natour (Persero);Untung;2019;0.147768356;0;0.128744058;0.168922129;0.024960253;1;0.001791792;1.121313297;0.154901964;0.134125653;1.5055E-05;9.19836E-07;1.024358351;0.071785795;0.061098355;0;0;0;0
204;PT Pengembangan Pariwisata Indonesia (Persero);PT Pengembangan Pariwisata Indonesia (Persero);Untung;2019;0.233189707;0;0.189094756;0.176272906;0.252025423;1;0.039548469;0.537110871;0.225743989;0.184168955;0.256476652;0.036116401;0.372404009;0.156922539;0.1408175;0;0;0;0
205;PT Sarinah (Persero);PT Sarinah (Persero);Rugi;2019;0.527944087;0;0.345525789;1.542047264;0.025351273;1;0.056967352;0.412277977;0.557874425;0.358099739;0.01726403;0.016353792;0.940192993;2.247119935;0.94727549;0;0;0;0
206;PT Perusahaan Perdagangan Indonesia (Persero);PT Perusahaan Perdagangan Indonesia (Persero);Rugi;2019;0.535876332;0;0.348905912;0.151372865;0.073815597;1;0.033463807;0.330095307;0.571265473;0.363570195;0.002195783;0.000891927;0.284944828;0.453343306;0.40619986;0;0;0;0
207;PT Bhanda Ghara Reksa (Persero);PT Bhanda Ghara Reksa (Persero);Untung;2019;0.803934243;0;0.445656069;0.075125521;0.050480656;1;0.064479209;0.690701109;1.044185412;0.510807055;0.054068127;0.063112084;0.667793305;1.277305283;1.167269647;0;0;0;0
208;PT Pos Indonesia (Persero);PT Pos Indonesia (Persero);Untung;2019;1.194787354;0;0.544374995;0.206662171;0.024402091;1;0.01443323;0.978621069;1.377246652;0.579345364;0.082036059;0.045124593;0.98321581;0.591475139;0.550058024;0;0;0;0
209;PT Perusahaan  Listrik Negara (Persero);PT Perusahaan Listrik Negara (Persero);Untung;2019;0.624915556;0;0.409749227;0.091713649;0.000652658;1;0.000155533;1.749698884;0.535463725;0.348730951;0.014709717;0.003317047;1.482715714;0.238306787;0.225500379;0;0.14635972;0.061406492;0.326835223
210;PT Kawasan Berikat Nusantara (Persero);PT Kawasan Berikat Nusantara (Persero);Untung;2019;0.436514306;0;0.30387049;-0.085471373;0.230541908;1;0.069163754;0.839915092;0.441381519;0.306221159;0.229563993;0.080871393;0.762340183;0.300005125;0.352282566;0;0;0;0
211;PT Kawasan Industri Wijayakusuma (Persero);PT Kawasan Industri Wijayakusuma (Persero);Untung;2019;0.295798053;0;0.228274809;0.237775718;0.460313003;1;0.16959994;0.363151694;0.242838467;0.195390208;0.510775907;0.193934401;0.46572797;0.368444817;0.379685881;0;0;0;0
212;PT Kawasan Industri Medan (Persero);PT Kawasan Industri Medan (Persero);Untung;2019;0.177669217;0;0.150865128;0.604237034;0.264343616;1;0.126524284;0.160290755;0.110162311;0.099230815;0.31386696;0.113068939;0.14377948;0.478635672;0.360244795;0;0;0;0
213;PT Kawasan Industri Makassar (Persero);PT Kawasan Industri Makassar (Persero);Untung;2019;0.873536825;0;0.46625015;1.21807403;0.46029678;1;0.14759013;0.581907961;0.440611831;0.305850488;0.361395606;0.092134345;0.286651107;0.320641239;0.254940412;0;0;0;0
214;Perum Percetakan  Negara Republik Indonesia;Perum Percetakan Negara Republik Indonesia;Untung;2019;2.411256942;0;0.706852923;0.260136878;0.030339637;0;0.014524919;0.509732667;1.659024;0.623261355;0.028130397;0.014058335;0.709399141;0.478743982;0.499755998;0;0;0;0
215;Perum Percetakan Uang Republik Indonesia;Perum Percetakan Uang Republik Indonesia;Untung;2019;1.010752804;0;0.502673825;-0.081033366;0.089952595;0;0.056877885;0.505995465;0.979312133;0.494773975;0.11679022;0.087075259;0.436368093;0.632309551;0.745569781;0;0;0;0
216;Perum Produksi  Film Negara;Perum Produksi Film Negara;Untung;2019;1.02122824;0;0.505251322;0.36839207;0.237737536;0;0.127204;1.616076104;1.369068541;0.577893175;0.058002937;0.026046818;3.362372717;0.535060647;0.449060336;0;0;0;0
218;PT Semen Indonesia (Persero) Tbk;PT Semen Indonesia (Persero) Tbk;Untung;2019;0.562665795;0;0.360067902;0.103329141;0.10055206;1;0.060319623;0.512431185;0.608575162;0.378331816;0.07345404;0.041725487;0.637856285;0.59988451;0.5680489;0;0;0;0
219;PT Semen Baturaja (Persero) Tbk;PT Semen Baturaja (Persero) Tbk;Untung;2019;0.594301533;0;0.37276608;0.28635246;0.038117394;1;0.013736713;0.468522722;0.482726218;0.325566657;0.094518619;0.028979888;0.595253479;0.360379113;0.306605074;0;0;0;0
220;PT Semen Kupang (Persero);PT Semen Kupang (Persero);Untung;2019;44.49165176;0;0.978017945;-0.057622957;0.447239863;1;0.009000256;2.072156738;75.80108545;0.986979351;0.398680273;0.008539101;2.091918337;0.020124001;0.021418418;0;0;0;0
221;PT Balai Pustaka (Persero);PT Balai Pustaka (Persero);Untung;2019;1.608478907;0;0.616634815;1.251707034;0.049661732;1;0.017306117;1.149093929;1.478451719;0.596520187;0.065687068;0.011210921;1.217423761;0.348479933;0.170671663;0;0;0;0
222;PT Telekomunikasi Indonesia (Persero) Tbk;PT Telekomunikasi Indonesia (Persero) Tbk;Untung;2019;0.757806706;0;0.356335984;0.033900948;0.203455401;1;0.108147869;1.069173523;0.770123963;0.435067814;0.254966629;0.164753834;0.954058998;0.531555655;0.646178029;0;0;0;0
223;PT PAL Indonesia  (Persero);PT PAL Indonesia (Persero);Untung;2019;22.44071517;0;0.957339186;0.262736909;-0.192280703;1;-0.049709227;0.650514558;8.975879184;0.899758209;0.000375988;7.7393E-05;0.54612254;0.258524261;0.20583865;0;0;0;0
224;PT Industri Kapal Indonesia (Persero);PT Industri Kapal Indonesia (Persero);Untung;2019;0.751480162;0;0.429054338;-0.279970411;0.100094932;1;0.020232262;0.520962362;0.826758545;0.452582279;0.109839228;0.031030729;0.278708321;0.202130736;0.282510446;0;0;0;0
225;PT Dok dan Perkapalan Kodja Bahari (Persero);PT Dok dan Perkapalan Kodja Bahari (Persero);Rugi;2019;-3.279157057;1;1.438758705;-0.087795629;-0.63800303;1;-0.107691178;2.888693665;-2.378804814;1.725265817;-0.018712956;-0.004302898;2.398769889;0.168794149;0.229942165;0;0;0;0
226;PT Dok dan Perkapalan Surabaya (Persero);PT Dok dan Perkapalan Surabaya (Persero);Untung;2019;-3.341788518;1;1.427024043;0.225579941;0.019933041;1;0.003964806;1.591897908;-2.662292227;1.601578943;-0.714293837;-0.136175671;2.036218304;0.198906218;0.190643771;0;0;0;0
227;PT Indonesia  Asahan  Aluminium (Persero);PT Indonesia Asahan Aluminium (Persero);Untung;2019;1.180193885;0;0.541325197;0.383457051;0.164179291;1;0.064686666;0.442523641;0.412643234;0.292107182;0.14422508;0.07298168;0.403751939;0.394000154;0.506026276;0;0;0;0
228;PT Krakatau Steel (Persero) Tbk;PT Krakatau Steel (Persero) Tbk;Rugi;2019;1.387671946;0;0.581181995;0.27780859;-0.044358401;1;-0.017660578;1.615280138;1.220620698;0.549675448;-0.059417386;-0.02067253;1.332983262;0.398133775;0.347920557;0;0;0;0
229;PT Boma Bisma Indra (Persero);PT Boma Bisma Indra (Persero);Untung;2019;2.649264465;0;0.725972176;0.294111619;0.030693972;1;0.012537871;0.949299034;2.250947513;0.692398312;0.006930186;0.00248113;1.304412879;0.408479894;0.358017814;0;0;0;0
230;PT Industri Nuklir Indonesia (Persero);PT Industri Nuklir Indonesia (Persero);Untung;2019;15.0964404;0;0.937874463;-0.050494492;0.027182657;1;0.016508524;0.545795714;22.93066516;0.958235183;0.012744231;0.007467257;0.733849841;0.607318265;0.585932347;0;0;0;0
231;PT Industri Telekomunikasi Indonesia (Persero);PT Industri Telekomunikasi Indonesia (Persero);Rugi;2019;7.257881363;0;0.878903564;-0.352205276;0.000546148;1;0.000253051;1.520876758;8.459378485;0.894284809;0.005051655;0.003261496;1.471103562;0.463337185;0.645629171;0;0;0;0
232;PT Barata Indonesia (Persero);PT Barata Indonesia (Persero);Untung;2019;2.805244242;0;0.737204779;0.824300644;0.031148479;1;0.014911283;0.794942665;1.919063099;0.657424329;0.043254835;0.017680929;0.641801128;0.478716232;0.408761917;0;0;0;0
233;PT Dahana (Persero);PT Dahana (Persero);Untung;2019;0.90675958;0;0.475550032;0.278778716;0.067568249;1;0.074621586;0.680162161;0.862509861;0.463090091;0.080788992;0.083948638;0.687081945;1.104388339;1.039109859;0;0;0;0
234;PT LEN Industri (Persero);PT LEN Industri (Persero);Untung;2019;5.721084733;0;0.851214493;0.255054631;0.032123623;1;0.0279419;0.910236817;5.943579871;0.85598207;0.028628703;0.022387349;0.95592493;0.869824067;0.781989623;0;0;0;0
235;PT Pindad (Persero);PT Pindad (Persero);Untung;2019;3.700748313;0;0.787267913;0.303229965;0.031421817;1;0.015585548;0.617187184;3.571133365;0.781235873;0.037483419;0.015443003;0.56619777;0.496010405;0.411995568;0;0;0;0
236;PT Dirgantara Indonesia (Persero);PT Dirgantara Indonesia (Persero);Untung;2019;2.770173645;0;0.734760227;-0.426259949;-0.169398498;1;-0.042277965;0.791336452;2.572199687;0.720060389;0.012051944;0.005080493;0.732221507;0.249576974;0.421549646;0;0;0;0
237;PT Adhi Karya (Persero) Tbk;PT Adhi Karya (Persero) Tbk;Untung;2019;3.791935019;0;0.791316035;0.017441795;0.041201433;1;0.02141629;0.745758713;3.826805558;0.792823641;0.033603429;0.018249425;0.710513448;0.519794785;0.543082209;0;0;0;0
238;PT Amarta Karya (Persero);PT Amarta Karya (Persero);Untung;2019;4.555804534;0;0.820008067;2.250557127;0.012920927;1;0.008618519;0.756624613;2.81655094;0.737983322;0.008346521;0.002897167;0.577077313;0.66702013;0.34711076;0;0;0;0
239;PT Brantas Abipraya (Persero);PT Brantas Abipraya (Persero);Untung;2019;2.366906758;0;0.702991478;0.148906708;0.07556312;1;0.06737962;0.772767689;3.084566658;0.755175987;0.065901681;0.062846714;0.79540766;0.891699817;0.953643561;0;0;0;0
240;PT Jasa Marga (Persero) Tbk;PT Jasa Marga (Persero) Tbk;Untung;2019;3.080333538;0;0.754921996;0.053626709;0.05507889;1;0.024709119;2.630933964;3.313463428;0.768167734;0.059661584;0.026437463;1.316577365;0.448613238;0.443123718;0;0;0;0
241;PT Waskita Karya (Persero) Tbk;PT Waskita Karya (Persero) Tbk;Untung;2019;3.306126419;0;0.767772726;0.079093647;0.094684717;1;0.037137304;0.847894653;3.302197929;0.767560671;0.092928615;0.042918835;0.997752704;0.392220681;0.461847352;0;0;0;0
242;PT Wijaya Karya (Persero) Tbk;PT Wijaya Karya (Persero) Tbk;Untung;2019;2.440541227;0;0.709348055;0.190316064;0.066541086;1;0.03500422;0.648642642;2.122219887;0.679715078;0.051806774;0.029684829;0.744071516;0.526054237;0.572991255;0;0;0;0
243;PT Hutama Karya (Persero);PT Hutama Karya (Persero);Untung;2019;5.078930839;0;0.835497388;0.457950374;0.085107395;1;0.035275125;1.143381891;4.701010218;0.824592491;0.058386446;0.021988054;0.924067671;0.414477791;0.376595181;0;0;0;1.177820898
244;PT Pembangunan Perumahan (Persero) Tbk;PT Pembangunan Perumahan (Persero) Tbk;Untung;2019;2.22078945;0;0.689517115;0.168228828;0.077986756;1;0.037279251;0.706627157;1.933543306;0.659115294;0.080170782;0.041257498;0.692119818;0.478020282;0.514620125;0;0;0;0
245;Perum Perumnas;Perum Perumnas;Rugi;2019;1.964452431;0;0.662669574;0.14106589;0.114645182;0;0.030460797;0.596263188;1.614505114;0.617518438;0.099845982;0.029178101;0.3192335;0.265696268;0.2922311;0;0;0;0
246;PT Industri Kereta Api (Persero);PT Industri Kereta Api (Persero);Untung;2019;2.984610823;0;0.749034462;0.261891289;0.027474524;1;0.014283324;0.812698889;3.024031489;0.751492998;0.028273762;0.012343473;0.66914657;0.519875207;0.436569885;0;0;0;0
247;PT PDI Pulau Batam (Persero);PT PDI Pulau Batam (Persero);Rugi;2019;0.718488286;0;0.418093211;0.047043971;0.05576621;1;0.036139128;0.23729464;0.589593851;0.370908488;0.005099752;0.003638217;0.235652695;0.648047048;0.713410443;0;0;0;0
248;PT Pelabuhan  Indonesia I (Persero);PT Pelabuhan Indonesia I (Persero);Untung;2019;1.163853134;0;0.537861427;0.131738242;0.290625152;1;0.064537514;1.020888694;0.734656492;0.423517037;0.29266219;0.094643407;0.825118078;0.222064449;0.323387887;0;0;0;0
249;PT Pelabuhan  Indonesia II (Persero);PT Pelabuhan Indonesia II (Persero);Untung;2019;2.129575874;0;0.680467884;0.086547571;0.198939137;1;0.047259849;0.223919474;2.385457887;0.704618996;0.196149673;0.046711624;0.213313641;0.237559334;0.238142758;0;0;0;0
250;PT Pelabuhan Indonesia III (Persero);PT Pelabuhan Indonesia III (Persero);Untung;2019;1.945899661;0;0.660545125;0.20083259;0.128530678;1;0.045414538;0.553053605;1.313292913;0.56771579;0.226614103;0.080054889;0.755806827;0.353336175;0.353265257;0;0;0;0
251;PT Pelabuhan Indonesia IV (Persero);PT Pelabuhan Indonesia IV (Persero);Untung;2019;0.733986999;0;0.423294407;0.407941597;0.098675993;1;0.031446806;0.473388946;0.429352769;0.300382647;0.182519253;0.051371572;0.395086286;0.318687502;0.281458373;0;0;0;0
252;PT Indah Karya (Persero);PT Indah Karya (Persero);Untung;2019;2.037633475;0;0.670796359;0.865217723;0.116257548;1;0.044828586;0.602818734;1.871240351;0.651718464;0.182112953;0.045473271;0.407068082;0.385597205;0.24969817;0;0;0;0
253;PT Bina Karya (Persero);PT Bina Karya (Persero);Untung;2019;2.055918166;0;0.672766106;0.017603742;0.128011965;1;0.081512605;0.781501412;2.546392652;0.718023327;0.131261471;0.09613698;0.760021328;0.636757703;0.732408219;0;0;0;0
254;Perum Damri;Perum Damri;Untung;2019;0.571346834;0;0.363603262;0.07144168;0.017421333;0;0.018516976;0.660054829;0.590337586;0.371202687;0.006184467;0.005887632;0.946810919;1.062890905;0.952003105;0;0;0;0
255;Perum Pengangkutan Penumpang Djakarta;Perum Pengangkutan Penumpang Djakarta;Untung;2019;5.624970325;0;0.849055928;0.287457484;0.040547368;0;0.04339866;1.481284667;9.482916076;0.904606696;0.015019828;0.014393109;1.196563836;1.070320033;0.958273878;0;0;0;0
256;Perum Lembaga Penyelenggara Pelayanan Navigasi Penerbangan Indonesia;Perum Lembaga Penyelenggara Pelayanan Navigasi Penerbangan Indonesia;Untung;2019;0.209749864;0;0.173382837;0.175643152;0.11644511;0;0.067811055;0.263293955;0.220287484;0.180520938;0.173165721;0.092636765;0.292914669;0.582343519;0.534960179;0;0;0;0
257;PT Angkasa Pura I (Persero);PT Angkasa Pura I (Persero);Untung;2019;1.099949742;0;0.523798127;0.184414071;0.235406351;1;0.063460512;1.488579752;0.869334246;0.46505019;0.19742623;0.056696622;0.723762808;0.26957859;0.287178771;0;0;0;0
258;PT Angkasa  Pura II (Persero);PT Angkasa Pura II (Persero);Untung;2019;0.631064068;0;0.386903299;0.169714522;0.201494805;1;0.049623873;0.87091037;0.481611828;0.325059394;0.247812131;0.061553918;0.557649158;0.246278674;0.248389446;0;0;0;0
259;PT Virama Karya (Persero);PT Virama Karya (Persero);Untung;2019;1.207032497;0;0.546902911;0.302736186;0.083124396;1;0.097497666;0.687100917;1.369203587;0.577917235;0.082488579;0.086278301;0.791798494;1.172912776;1.045942385;0;0;0;0
260;PT Yodya Karya (Persero);PT Yodya Karya (Persero);Untung;2019;1.233601526;0;0.552292569;0.758058959;0.234568352;1;0.245836085;0.661885426;3.649846255;0.784939126;0.081842685;0.050231245;0.376184573;1.048036034;0.61375363;0;0;0;0
261;PT Indra Karya (Persero);PT Indra Karya (Persero);Untung;2019;1.486317521;0;0.597798756;0.388022312;0.060262056;1;0.055235123;0.812916162;1.449395477;0.591732249;0.03529677;0.026784017;0.931984079;0.916582117;0.758823455;0;0;0;0
267;PT ASABRI (Persero);PT ASABRI (Persero);Rugi;2019;29.20572424;0;0.966893692;-0.454791596;0.041988855;1;0.002287096;0.114852991;16.9330799;0.944237151;0.174339628;0.018683515;0.103485893;0.054469121;0.107167345;0;0;0;0
274;PT Garuda Indonesia (Persero) Tbk;PT Garuda Indonesia (Persero) Tbk;Untung;2019;3.803027335;0;0.791797979;0.114309244;0.001147523;1;0.001129293;1.806309719;3.014310085;0.750891207;-0.051082835;-0.056016524;1.947669036;0.984113308;1.096582116;0;0;0;0
275;PT Pelayaran Nasional Indonesia (Persero);PT Pelayaran Nasional Indonesia (Persero);Untung;2019;0.113487205;0;0.101920529;-0.058896601;0.044450269;1;0.031115367;0.154102777;0.161662117;0.139164491;0.064861844;0.047131869;0.263746084;0.700004023;0.726650165;0;0.523369172;0;0
276;PT Kereta Api Indonesia (Persero);PT Kereta Api Indonesia (Persero);Untung;2019;1.130909388;0;0.530716789;0.497522239;0.057161339;1;0.039378205;0.810170105;1.560220015;0.609408569;0.095898289;0.05129394;0.53388391;0.688895785;0.534878581;0;7.64518E-05;0;1.131593784
278;PT Biro Klasifikasi Indonesia (Persero);PT Biro Klasifikasi Indonesia (Persero);Untung;2019;0.346831618;0;0.257516689;0.177334012;0.091617233;1;0.088397107;0.228870451;0.284662085;0.221585482;0.06180826;0.056192744;0.277169523;0.964852395;0.909146186;0;0;0;0
280;PT Kliring Berjangka  Indonesia  (Persero);PT Kliring Berjangka Indonesia (Persero);Untung;2019;4.914606926;0;0.830927057;0.679116866;0.388800226;1;0.014653233;0.833226479;4.344279799;0.812884048;0.24649023;0.006655772;0.817429694;0.037688335;0.027002175;0;0;0;0
283;PT Pegadaian (Persero);PT Pegadaian (Persero);Untung;2019;1.624274445;0;0.618942294;0.08948809;0.242094308;1;0.052574702;0.552626368;1.673607735;0.625973554;0.238865959;0.051626374;0.60811208;0.217166206;0.216131146;0;0;0;0
284;PT Sucofindo (Persero);PT Sucofindo (Persero);Untung;2019;0.39732589;0;0.284347333;0.262209738;0.105043206;1;0.084102265;0.339682288;0.37811967;0.274373611;0.106617142;0.077020083;0.300026754;0.800644503;0.722398683;0;0;0;0
285;PT Surveyor Indonesia (Persero);PT Surveyor Indonesia (Persero);Untung;2019;0.377367148;0;0.273977166;0.176887693;0.095932751;1;0.086280425;0.374713508;0.313711952;0.238798126;0.09130424;0.081631153;0.312871746;0.89938445;0.894056548;0;0;0;0
286;PT ASDP Indonesia Ferry (Persero);PT ASDP Indonesia Ferry (Persero);Untung;2019;0.175952085;0;0.149625216;0.072777715;0.091298576;1;0.034930405;0.457849674;0.093239934;0.085287713;0.103165651;0.041902031;0.200255668;0.382595289;0.406162616;0;0;0;0
287;PT Djakarta  Lloyd (Persero);PT Djakarta Lloyd (Persero);Untung;2019;0.997796148;0;0.499448429;1.08197335;0.109142505;1;0.065028077;0.428293585;1.122368226;0.528828227;0.13671862;0.042268031;0.467972135;0.59580891;0.309160747;0;0;0;0
288;PT Perusahaan Pengelola Aset (Persero);PT Perusahaan Pengelola Aset (Persero);Untung;2019;1.231927979;0;0.551956869;0.07367242;0.062837037;1;0.036510704;0.747274281;1.012949045;0.503216436;0.051368389;0.034438009;0.615262867;0.581037968;0.670412478;0;0;0;0
289;PT Iglas (Persero);PT Iglas (Persero);Rugi;2019;-1.133765254;1;8.475842554;-0.163636364;-122.6347826;1;-0.595616184;63.84655355;-1.122633277;9.154393546;-67.21939394;-0.46263838;55.34234416;0.004856829;0.006882513;0;0;0;0
290;PT Industri Sandang Nusantara (Persero);PT Industri Sandang Nusantara (Persero);Rugi;2019;1.725211317;0;0.633055979;5.732870898;0.002109705;1;0.001096209;1.664348754;1.016409548;0.504069002;2.128750388;0.20361447;3.060722139;0.519603128;0.095649763;0;0;0;0
291;PT Primissima (Persero);PT Primissima (Persero);Rugi;2019;3.525050763;0;0.779008004;0.527850182;0.006199956;1;0.005442099;1.579703879;9.399755181;0.903836291;0.012378868;0.01145927;1.894024916;0.877764096;0.925712316;0;0;0;0
292;PT Survai Udara Penas (Persero);PT Survai Udara Penas (Persero);Rugi;2019;-2.201821921;1;1.832070029;1.339897186;0.040253212;1;0.01528693;1.308955889;-1.425380763;3.350835033;-0.081597979;-0.037823866;37.62321145;0.379769211;0.463539248;0;0;0;0
293;PT Varuna Tirta Prakasya (Persero);PT Varuna Tirta Prakasya (Persero);Rugi;2019;-69.60731949;1;1.014575704;-0.04793791;-0.041803634;1;-0.095888239;0.872399393;14.00088637;0.933337273;-0.039380775;-0.077771212;0.802038477;2.293777573;1.974852281;0;0;0;0
295;PT Kertas Leces (Persero);PT Kertas Leces (Persero);Untung;2019;-2.132301248;1;1.883157201;-0.989657574;3.021122112;1;0.006532897;180.9058804;-3.631989387;1.379940742;-0.453482974;-0.067775651;14.57374135;0.002162408;0.149455779;0;0;0;0
525;Perum Perhutani;Perum Perhutani;Untung;2021;1.625779183;0;0.619160664;5.667956446;-0.029641359;0;-0.037933984;0.828572469;0.445644517;0.308267013;0.108556936;0.02731308;0.427051843;1.27976532;0.251601423;0;0;0;0
526;Perum Bulog;Perum Bulog;Untung;2021;0.298566625;0;0.229920144;-0.979318014;0.075172398;0;0.044605986;0.392286415;2.975307922;0.748447159;-0.066448587;-0.049152221;0.897573365;0.593382507;0.739703033;0;0;0;0
527;Perum Jasa Tirta I;Perum Jasa Tirta I;Untung;2021;0.255755054;0;0.203666354;0.497296841;0.151981237;0;0.080857048;0.189215815;0.195211447;0.163327793;0.222914712;0.123809864;0.225425182;0.532019939;0.555413604;0;0;0;0
528;Perum Jasa Tirta II;Perum Jasa Tirta II;Untung;2021;3.395737214;0;0.772506874;-0.538241145;0.026883883;0;0.034726022;0.514108432;0.197578021;0.164981336;0.189214657;0.107418646;0.184711228;1.291704091;0.56770785;0;0;0;0
529;Perum Percetakan Negara Republik Indonesia;Perum Percetakan Negara Republik Indonesia;Rugi;2021;0.125005652;0;0.111115599;6.316535329;-0.374124698;0;-0.114362403;0.189385836;3.083359287;0.755103597;0.009714736;0.002756531;0.604849406;0.305679907;0.283747437;0;0;0;0
530;Perum Percetakan Uang Republik Indonesia;Perum Percetakan Uang Republik Indonesia;Untung;2021;6.757544279;0;0.871093227;-0.916350981;-0.057956787;0;-0.06304735;2.463483624;0.977856899;0.494402249;0.186709714;0.119577727;0.567720044;1.087833766;0.640447273;0;0;0;0
531;Perum Produksi Film Negara;Perum Produksi Film Negara;Rugi;2021;1.639252544;0;0.621105427;9.05024188;-0.390690862;0;-0.053175838;3.305957032;1.006594373;0.501643175;0.139046303;0.048978797;1.374393883;0.136107196;0.352248107;0;0;0;0
532;Perum Lembaga Kantor Berita Nasional Antara;Perum Lembaga Kantor Berita Nasional Antara;Untung;2021;0.894682211;0;0.472206928;7.815966357;0.091424473;0;0.048918641;0.653093877;3.340634819;0.769618952;0.034641154;0.053223385;0.383412314;0.535071616;1.536420654;0;0;0;0
533;Perum Perumnas;Perum Perumnas;Rugi;2021;0.474710496;0;0.321900805;4.291585818;0.165433913;0;0.045101202;0.46660703;2.560308833;0.71912549;-0.477545535;-0.039329789;0.429532715;0.272623679;0.082358196;0;0;0;0
534;Perum Damri;Perum Damri;Rugi;2021;1.501613146;0;0.600257937;-0.686297608;-0.097304179;0;-0.043888643;0.405791832;0.610401207;0.37903673;0.034833902;0.033880492;0.499483919;0.451045814;0.972629807;0;0;0;0
535;Perum Pengangkutan Penumpang  Djakarta;Perum Pengangkutan Penumpang Djakarta;Rugi;2021;10.7837819;0;0.915137601;0.666891274;-0.65741411;0;-0.060355632;0.583596601;3.41245956;0.773369028;0.056725184;0.07313459;1.629321509;0.09180763;1.289279036;0;0;0;0
536;Perum Lembaga Penyelenggara Pelayanan Navigasi Penerbangan Indonesia;Perum Lembaga Penyelenggara Pelayanan Navigasi Penerbangan Indonesia;Rugi;2021;0.746737533;0;0.427504144;-0.997839767;0.013674755;0;0.002523316;1.147529911;0.187456942;0.157864201;0.144857798;0.08178931;0.241175899;0.184523662;0.564617929;0;0;0;0
538;PT Rajawali Nusantara Indonesia (Persero);PT Rajawali Nusantara Indonesia (Persero);Untung;2021;5.833217276;0;0.853656029;0.65983892;0.002189111;1;0.000622226;0.899592739;1.114386008;0.527049462;-0.009945529;-0.004720197;0.886448168;0.284236718;0.474604913;0;0;0;0
539;PT Perkebunan Nusantara III (Persero);PT Perkebunan Nusantara III (Persero);Untung;2021;2.187835925;0;0.686307569;-0.902611397;-0.643369128;1;-0.054687542;1.227551643;1.648367869;0.622408952;0.001384308;0.00038786;1.054422495;0.085001813;0.280183108;0;0;0;0
540;PT Pupuk Indonesia (Persero);PT Pupuk Indonesia (Persero);Untung;2021;1.084472067;0;0.520262221;-0.918048632;-0.427204664;1;-0.056181216;1.267081581;0.889203537;0.470676409;0.052056985;0.027384299;0.517738603;0.131508902;0.526044659;0;0;0;0
542;PT Berdikari (Persero);PT Berdikari (Persero);Untung;2021;0.187543639;0;0.157925682;4.043957155;0.059538475;1;0.023013522;0.505769575;3.650876517;0.784986766;0.074073153;0.062770788;1.003081391;0.386531931;0.847416172;0;0;0;0
544;PT Garam (Persero);PT Garam (Persero);Rugi;2021;1.285730843;0;0.562503169;-0.712246245;0.018181818;1;0.004286434;1.070075457;0.240789327;0.19406141;0.08011223;0.017330036;0.12622153;0.235753861;0.216321973;0;0;0;0
546;PT Pengembangan Pariwisata Indonesia (Persero);PT Pengembangan Pariwisata Indonesia (Persero);Rugi;2021;3.444172508;0;0.774986232;2.980454769;-0.390591328;1;-0.100637286;0.940911502;0.324159875;0.244804182;0.169284607;0.026018681;0.976491005;0.257653663;0.153697857;0;0;0;0
547;PT Perusahaan Perdagangan Indonesia (Persero);PT Perusahaan Perdagangan Indonesia (Persero);Rugi;2021;0.503621944;0;0.334939209;-0.459235109;0.068409694;1;0.074930841;0.549984891;0.547119011;0.353637426;-0.046273568;-0.029968812;0.522424809;1.095324895;0.647644296;0;0;0;0
548;PT Pos Indonesia (Persero);PT Pos Indonesia (Persero);Untung;2021;1.063756455;0;0.5154467;1.682316548;0.020183258;1;0.008845559;0.789415983;1.323648109;0.569642238;0.023112948;0.013070071;0.930527307;0.43826217;0.565486972;0;0;0;0
550;PT Kawasan Berikat Nusantara (Persero);PT Kawasan Berikat Nusantara (Persero);Untung;2021;3.09658343;0;0.755894145;-0.585246388;0.019277234;1;0.006863891;1.019603081;0.551681263;0.355537586;0.125574798;0.042474875;0.987721926;0.356062017;0.338243625;0;0;0;0
551;PT Kawasan Industri Wijayakusuma (Persero);PT Kawasan Industri Wijayakusuma (Persero);Untung;2021;3.048119035;0;0.752971691;20.90282363;0.013822659;1;0.005063059;0.746260711;0.345906435;0.257006301;0.299984708;0.092453515;0.433611442;0.366286918;0.308194094;0;0;0;0
552;PT Kawasan Industri Medan (Persero);PT Kawasan Industri Medan (Persero);Untung;2021;0.697602057;0;0.410933796;3.919377094;0.07527992;1;0.063252527;0.555087024;0.281828897;0.219864677;0.21736943;0.115985526;0.43598427;0.840231063;0.53358711;0;0;0;0
554;PT Semen Indonesia (Persero) Tbk;PT Semen Indonesia (Persero) Tbk;Untung;2021;2.266914374;0;0.693900762;-0.942502085;-0.045755816;1;-0.009628486;0.5643514;1.35475174;0.575326782;0.058740258;0.029712068;0.734773792;0.210431961;0.505821208;0;0;0;0
555;PT Semen Baturaja (Persero) Tbk;PT Semen Baturaja (Persero) Tbk;Untung;2021;1.282716635;0;0.561925478;-0.694166141;0.012779631;1;0.006660945;0.825856805;0.599885478;0.374955262;0.015040632;0.005398051;0.437064767;0.521215727;0.358897881;0;0;0;0
556;PT Semen Kupang (Persero);PT Semen Kupang (Persero);Untung;2021;-2.693863851;1;1.59036622;31.13915699;-0.510284765;1;-0.114403156;5.035605725;25.16733871;0.961785998;0.604520464;0.016222632;1.686760655;0.224194731;0.026835538;0;0;0;0
557;PT Balai Pustaka (Persero);PT Balai Pustaka (Persero);Rugi;2021;-3.465847411;1;1.405540098;-0.17223273;-0.046913121;1;-0.00871413;1.897194303;1.314277688;0.567899736;0.053598333;0.028188295;1.089380413;0.185750376;0.525917384;0;0;0;0
559;PT PAL Indonesia (Persero);PT PAL Indonesia (Persero);Untung;2021;0.434156543;0;0.302725718;-0.931749279;-1.21195081;1;-0.147258401;0.452531837;19.03217387;0.950080305;0.058413122;0.014656194;0.823583964;0.121505263;0.25090585;0;0;0;0
560;PT Industri Kapal Indonesia (Persero);PT Industri Kapal Indonesia (Persero);Untung;2021;-11.21336546;1;1.097910919;156.7078668;-1.064209274;1;-0.169867904;7.206023892;0.786270849;0.440174484;0.073933381;0.013495071;0.585525645;0.159618891;0.182530145;0;0;0;0
561;PT Dok dan Perkapalan Kodja Bahari (Persero);PT Dok dan Perkapalan Kodja Bahari (Persero);Rugi;2021;0.179177354;0;0.151951149;-0.193655829;-0.77577994;1;-0.018473748;2.869727286;-2.996980669;1.500755974;-0.401244699;-0.04748986;3.312822873;0.023813129;0.118356355;0;0;0;0
562;PT Dok dan Perkapalan Surabaya  (Persero);PT Dok dan Perkapalan Surabaya (Persero);Rugi;2021;2.490303138;0;0.713491935;111.0270455;-0.095218229;1;-0.018567415;1.602753513;-3.335703349;1.428136561;0.014063657;0.004230558;2.170363291;0.194998535;0.30081497;0;0;0;0
563;PT Indonesia Asahan Aluminium (Persero);PT Indonesia Asahan Aluminium (Persero);Untung;2021;-1.147672963;1;7.771720314;-0.999999243;-1234.934426;1;-0.427572467;85.08855332;1.296158874;0.564490066;0.000304358;0.000148869;0.552937369;0.000346231;0.489123871;0;0;0;0
564;PT Krakatau Steel (Persero) Tbk;PT Krakatau Steel (Persero) Tbk;Untung;2021;4.054955122;0;0.802174307;-0.997372919;0.006516656;1;0.00038999;0.384642049;2.233597196;0.690746899;-0.361921323;-0.125673184;0.795337942;0.059845059;0.347238961;0;0;0;0
565;PT Boma Bisma Indra (Persero);PT Boma Bisma Indra (Persero);Untung;2021;1.490589798;0;0.598488679;192.5234488;0.027346615;1;0.010069964;0.590433371;2.772759026;0.73494199;0.028917043;0.011230564;0.964452726;0.368234378;0.388371788;0;0;0;0
566;PT Industri Nuklir Indonesia (Persero);PT Industri Nuklir Indonesia (Persero);Rugi;2021;2.020809842;0;0.668962943;3.709195783;0.043332767;1;0.027326181;0.782782504;9.727599324;0.906782499;0.070596677;0.050391033;0.655834564;0.630612418;0.713787601;0;0;0;0
567;PT Industri Telekomunikasi Indonesia (Persero);PT Industri Telekomunikasi Indonesia (Persero);Rugi;2021;0.854054374;0;0.460641492;-0.598507248;0.055725994;1;0.010846442;0.667373725;-6.186712925;1.192800337;-1.099621374;-0.312030132;1.697968511;0.194638822;0.283761428;0;0;0;0
568;PT Barata Indonesia (Persero);PT Barata Indonesia (Persero);Rugi;2021;8.04343594;0;0.889422735;0.041258786;-0.14442455;1;-0.066158266;1.37834139;2.909057882;0.744183885;0.031944618;0.014408345;0.853339917;0.458081859;0.45104141;0;0;0;0
569;PT Dahana (Persero);PT Dahana (Persero);Untung;2021;-4.250312682;1;1.307662707;-0.980858048;-0.347732465;1;-0.339703958;1.169000748;0.854318392;0.460718286;0.037246406;0.03988758;0.617093877;0.976911829;1.070910834;0;0;0;0
570;PT LEN Industri (Persero);PT LEN Industri (Persero);Untung;2021;2.645247127;0;0.725670177;-0.990328633;-0.599536472;1;-0.041718939;2.194301532;6.135652121;0.859858639;0.016810341;0.010536857;0.96839238;0.069585323;0.626808016;0;0;0;0
571;PT Pindad (Persero);PT Pindad (Persero);Untung;2021;-4.082373287;1;1.324425339;-0.874162899;-0.308389429;1;-0.101790062;1.764945704;3.709049167;0.787642905;0.029740057;0.014670982;0.824973097;0.330069881;0.493307126;0;0;0;0
572;PT Dirgantara Indonesia (Persero);PT Dirgantara Indonesia (Persero);Untung;2021;3.201173049;0;0.761971243;2.712234291;-0.003037722;1;-0.000399946;1.394423125;2.617929053;0.723598781;0.040852664;0.011503699;0.78171386;0.131659742;0.281589939;0;0;0;0
573;PT Adhi Karya (Persero) Tbk;PT Adhi Karya (Persero) Tbk;Untung;2021;1.413039634;0;0.585584925;-0.962113058;0.03222764;1;0.008669769;1.437655279;4.343026306;0.812840173;0.043444871;0.018212593;0.807951567;0.269016579;0.419211579;0;0;0;0
574;PT Amarta Karya (Persero);PT Amarta Karya (Persero);Untung;2021;0.232814808;0;0.18884816;-0.939793243;0.273243621;1;0.035124702;0.079132416;4.339350839;0.812711315;0.014294107;0.007523558;0.751828796;0.128547198;0.526339837;0;0;0;0
575;PT Brantas  Abipraya (Persero);PT Brantas Abipraya (Persero);Untung;2021;0.233878892;0;0.189547688;-0.9492258;0.083307384;1;0.027633486;0.321660636;2.460808897;0.711050211;0.072072456;0.044838073;0.794306219;0.331705123;0.622124949;0;0;0;0
576;PT Jasa Marga (Persero) Tbk;PT Jasa Marga (Persero) Tbk;Untung;2021;0.33814462;0;0.252696618;-0.99611543;0.236623021;1;0.062162121;0.40261109;3.299176257;0.767397301;0.078719588;0.020805547;3.575989751;0.262705295;0.264299495;0;0;0;0
577;PT Waskita Karya (Persero) Tbk;PT Waskita Karya (Persero) Tbk;Rugi;2021;2.122484299;0;0.679742197;-0.42413654;-0.096058219;1;-0.032631717;1.012779311;3.210017326;0.762471286;0.032780617;0.008393052;0.918137753;0.339707699;0.256037032;0;0;0;0
578;PT Wijaya Karya (Persero) Tbk;PT Wijaya Karya (Persero) Tbk;Untung;2021;-1.735872097;1;2.358931809;-0.99992871;-9.089690722;1;-0.021870326;35.72437445;2.232291321;0.690621946;0.096315117;0.04219899;0.716880091;0.002406058;0.438134647;0;0;0;0
580;PT Pembangunan Perumahan (Persero) Tbk;PT Pembangunan Perumahan (Persero) Tbk;Untung;2021;4.630602517;0;0.822399113;-0.99375219;0.431275191;1;0.02736005;0.824106084;2.414815528;0.707158413;0.048997204;0.020421868;0.731118397;0.063439888;0.416796596;0;0;0;0
581;PT Industri Kereta Api (Persero);PT Industri Kereta Api (Persero);Untung;2021;4.416228619;0;0.815369684;5.099880283;0.081944144;1;0.033579101;0.848310699;3.424133133;0.773967019;0.032389569;0.014737492;0.919029985;0.409780357;0.45500736;0;0;0;0
582;PT PDI Pulau Batam (Persero);PT PDI Pulau Batam (Persero);Rugi;2021;18.25489933;0;0.948065166;47.61950455;-0.109203919;1;-0.053899776;1.159184253;0.767297474;0.434164302;-0.047417998;-0.031280001;0.204603713;0.493569981;0.659665151;0;0;0;0
585;PT Bina Karya (Persero);PT Bina Karya (Persero);Untung;2021;1.550284936;0;0.60788699;54.63470227;0.047663792;1;0.01146927;1.072013409;1.030135726;0.507422096;0.077198216;0.050339943;0.714082698;0.240628575;0.652086874;0;0;0;0
586;PT Virama Karya (Persero);PT Virama Karya (Persero);Untung;2021;0.920727484;0;0.479363975;7.714860904;0.072914346;1;0.024085916;0.703900395;1.302709424;0.565728967;0.055540005;0.054001916;0.611799366;0.330331641;0.972306654;0;0;0;0
587;PT Yodya Karya (Persero);PT Yodya Karya (Persero);Untung;2021;0.160380755;0;0.138213904;15.98469933;0.078837284;1;0.044145524;0.203693853;1.062615345;0.515178629;0.026103307;0.013639574;0.624261844;0.559957452;0.52252285;0;0;0;0
588;PT Indra Karya (Persero);PT Indra Karya (Persero);Untung;2021;2.817554735;0;0.738052217;81.6190931;0.016819119;1;0.004979574;0.824963222;1.946962027;0.660667497;0.054905829;0.043549168;0.938362768;0.296066249;0.793161112;0;0;0;0
589;PT Bank Negara Indonesia (Persero) Tbk;PT Bank Negara Indonesia (Persero) Tbk;Untung;2021;0.459758717;0;0.314955281;-0.996922221;0.074253959;1;0.006001822;0.249212154;5.76462801;0.852172211;0.197806083;0.018340217;2.879646464;0.080828304;0.092718165;0;0;0;0
590;PT Bank Mandiri (Persero) Tbk;PT Bank Mandiri (Persero) Tbk;Untung;2021;3.131583422;0;0.757962046;-0.998618337;-0.4150353;1;-0.122720455;1.079849285;5.306356976;0.841429846;0.218903999;0.021585944;1.895957692;0.29568679;0.098609182;0;0;0;0
591;PT Bank Rakyat Indonesia (Persero) Tbk;PT Bank Rakyat Indonesia (Persero) Tbk;Untung;2021;1.444219516;0;0.590871444;-0.743354724;-0.028854795;1;-0.00863134;2.249136885;5.785752548;0.85263241;0.224220555;0.024290531;0.777622562;0.299130167;0.108333205;0.046403382;0;0;0
593;PT ASABRI (Persero);PT ASABRI (Persero);Untung;2021;1.208623586;0;0.547229321;-59.73201561;-0.004095014;1;-0.002290972;0.463302594;-6.053994977;1.197863275;0.669629423;-0.201276547;0.077522684;0.559453881;-0.300579008;0;0;0;0
595;PT Reasuransi Indonesia Utama (Persero);PT Reasuransi Indonesia Utama (Persero);Rugi;2021;0.689630223;0;0.408154526;62.28722707;0.001025773;1;0.000194445;1.532830104;2.032195661;0.670205979;0.04622155;0.022469746;0.678563956;0.18955941;0.486131391;0;0;0;0
596;PT Taspen (Persero);PT Taspen (Persero);Untung;2021;2.542266978;0;0.717694909;-0.757926509;0.024050194;1;0.00816246;0.784008628;22.06025571;0.956635346;0.021737352;0.001500117;0.146668272;0.339392688;0.069011017;0;0;0;0
597;PT Garuda Indonesia (Persero) Tbk;PT Garuda Indonesia (Persero) Tbk;Rugi;2021;0.568294599;0;0.362364698;-0.955790364;0.011520562;1;0.010248519;0.571428938;5.183087611;0.838268505;0.00141231;0.001449282;2.873144893;0.889584998;1.026177941;0;0;0;0
598;PT Pelayaran Nasional Indonesia (Persero);PT Pelayaran Nasional Indonesia (Persero);Untung;2021;4.464034932;0;0.816984959;-0.38064055;0.001891266;1;0.000855968;0.874588174;0.166508419;0.142740864;0.049594218;0.038959639;0.232948609;0.452589949;0.785568178;0;0.926231129;0;0
599;PT Kereta Api Indonesia (Persero);PT Kereta Api Indonesia (Persero);Rugi;2021;0.96355216;0;0.490718902;-0.792183825;0.062693989;1;0.037470471;0.922987728;1.267312911;0.558949276;0.07523497;0.04398225;1.176070821;0.59767247;0.584598491;0;0.467185523;0;5.228344484
601;PT Biro Klasifikasi Indonesia (Persero);PT Biro Klasifikasi Indonesia (Persero);Untung;2021;0.752829383;0;0.429493817;78.58852273;0.029761947;1;0.016905607;0.535842961;0.338928043;0.253133874;0.121244244;0.116230086;0.198740909;0.568027577;0.958644153;0;0;0;0
604;PT PANN (Persero);PT PANN (Persero);Rugi;2021;0.796267942;0;0.443290181;71.46165092;-0.105070546;1;-0.245562999;1.581487177;-1.265018687;4.77331882;0.164304993;0.001674019;0.080308394;2.33712499;0.010188485;0;0;0;0
605;PT ASDP Indonesia Ferry (Persero);PT ASDP Indonesia Ferry (Persero);Untung;2021;0.318611177;0;0.241626328;-0.142228211;0.08116227;1;0.058085508;0.211969315;0.173579918;0.147906347;0.101785072;0.041856357;0.477770101;0.715671309;0.411222942;0;0;0;0
606;PT Djakarta Lloyd (Persero);PT Djakarta Lloyd (Persero);Untung;2021;-1.264314008;1;4.783378747;-0.968461774;-0.153468106;1;-0.080915745;8.606110804;1.187952381;0.542951662;0.103352125;0.056725416;0.560620081;0.527247956;0.548855827;0;0;0;0
607;PT Perusahaan Pengelola Aset (Persero);PT Perusahaan Pengelola Aset (Persero);Untung;2021;0.333600695;0;0.250150361;-0.772055956;0.067375184;1;0.056055239;0.319552507;1.657935844;0.623768195;0.049040274;0.022689018;0.818981085;0.831986423;0.462660918;0;0;0;0
609;PT Industri Sandang Nusantara (Persero);PT Industri Sandang Nusantara (Persero);Rugi;2021;1.042725145;0;0.510457879;688.1324109;0.216639064;1;0.119715886;1.485775111;2.233214144;0.690710248;-0.073805676;-0.024268862;1.607422685;0.552605257;0.32882108;0;0;0;0
610;PT Primissima (Persero);PT Primissima (Persero);Rugi;2021;0.100317436;0;0.091171359;-0.316236464;-0.676693527;1;-0.096932704;0.234335953;2.61802906;0.723606421;-0.073860928;-0.059256467;2.240569669;0.143244616;0.802270815;0;0;0;0
612;PT Varuna Tirta Prakasya (Persero);PT Varuna Tirta Prakasya (Persero);Untung;2021;1.329902987;0;0.57079758;1.919027672;0.064093964;1;0.049638709;0.574826307;0.449530379;0.310121392;-0.0187422;-0.00782045;0.948002018;0.774467769;0.417264249;0;0;0;0
613;PT Kertas Kraft Aceh (Persero);PT Kertas Kraft Aceh (Persero);Untung;2021;5.369392833;0;0.842999164;648.9842226;-0.586501419;1;-0.08993105;1.482472951;-1.751712147;2.33029645;-2.851298727;-0.088084097;32.13879794;0.153334752;0.030892623;0;0;0;0
615;PT Merpati Nusantara Airlines (Persero);PT Merpati Nusantara Airlines (Persero);Untung;2021;1.243672033;0;0.554303024;9.245015643;0.090922972;1;0.052749326;0.713883372;-1.091098401;11.97714114;-1.371602969;-0.076487562;48.24313808;0.580153998;0.055765089;0;0;0;0
